K,H,Sex bias ,Age skew ,Fert.,Climate ,PRL,CRL,10%,50%,70%
51920,700,0.43,Obs.,Obs.,NA,0,0,0,0,0
51920,800,0.43,Obs.,Obs.,NA,0,0,0,0,0
51920,900,0.43,Obs.,Obs.,NA,0,0,0,0,0
51920,1000,0.43,Obs.,Obs.,NA,0,0,0,0,0
51920,1100,0.43,Obs.,Obs.,NA,0,0,0,0,0
51920,1200,0.43,Obs.,Obs.,NA,0,0,0,0,0
51920,1300,0.43,Obs.,Obs.,NA,0.01,0,0,0,0
51920,1400,0.43,Obs.,Obs.,NA,0.02,0,0,0,0
51920,1500,0.43,Obs.,Obs.,NA,0.12,0,0,0,0
51920,1600,0.43,Obs.,Obs.,NA,0.14,0,0,0,0
51920,1700,0.43,Obs.,Obs.,NA,0.23,0,0,0,0
51920,1800,0.43,Obs.,Obs.,NA,0.35,0,0,0,0
51920,1900,0.43,Obs.,Obs.,NA,0.48,0,0,0,0
51920,2000,0.43,Obs.,Obs.,NA,0.61,0,0,0,0
51920,2100,0.43,Obs.,Obs.,NA,0.76,0,0,0,0
51920,2200,0.43,Obs.,Obs.,NA,0.84,0,0,0,0
51920,2300,0.43,Obs.,Obs.,NA,0.92,0,0,0,0
51920,2500,0.43,Obs.,Obs.,NA,1,0,0.02,0,0
51920,2600,0.43,Obs.,Obs.,NA,1,0,0.05,0,0
51920,2700,0.43,Obs.,Obs.,NA,1,0,0.08,0,0
51920,2900,0.43,Obs.,Obs.,NA,1,0,0.17,0,0
51920,3000,0.43,Obs.,Obs.,NA,1,0,0.35,0,0
51920,700,0.5,Obs.,Obs.,NA,0,0,0,0,0
51920,800,0.5,Obs.,Obs.,NA,0,0,0,0,0
51920,900,0.5,Obs.,Obs.,NA,0,0,0,0,0
51920,1000,0.5,Obs.,Obs.,NA,0,0,0,0,0
51920,1100,0.5,Obs.,Obs.,NA,0,0,0,0,0
51920,1200,0.5,Obs.,Obs.,NA,0.03,0,0,0,0
51920,1300,0.5,Obs.,Obs.,NA,0.07,0,0,0,0
51920,1400,0.5,Obs.,Obs.,NA,0.08,0,0,0,0
51920,1500,0.5,Obs.,Obs.,NA,0.2,0,0,0,0
51920,1600,0.5,Obs.,Obs.,NA,0.45,0,0,0,0
51920,1700,0.5,Obs.,Obs.,NA,0.59,0,0,0,0
51920,1800,0.5,Obs.,Obs.,NA,0.73,0,0,0,0
51920,1900,0.5,Obs.,Obs.,NA,0.81,0,0,0,0
51920,2000,0.5,Obs.,Obs.,NA,0.92,0,0,0,0
51920,2100,0.5,Obs.,Obs.,NA,1,0,0.01,0,0
51920,2200,0.5,Obs.,Obs.,NA,1,0,0,0,0
51920,2300,0.5,Obs.,Obs.,NA,0.99,0,0.01,0,0
51920,2500,0.5,Obs.,Obs.,NA,1,0,0.28,0,0
51920,2600,0.5,Obs.,Obs.,NA,1,0,0.41,0,0
51920,2700,0.5,Obs.,Obs.,NA,1,0.02,0.64,0,0
51920,2900,0.5,Obs.,Obs.,NA,1,0.5,0.98,0,0
51920,3000,0.5,Obs.,Obs.,NA,1,0.84,0.99,0,0
59000,0,0.43,Obs.,Obs.,NA,0,0,0,0,0
59000,0,0.43,Obs.,Red.,NA,0,0,0,0,0
51920,0,0.43,Obs.,Obs.,NA,0,0,0,0,0
51920,0,0.43,Obs.,Red.,NA,0,0,0,0,0
59000,0,0.43,4+ Bias,Obs.,NA,0,0,0,0,0
59000,0,0.43,4+ Bias,Red.,NA,0,0,0,0,0
51920,0,0.43,4+ Bias,Obs.,NA,0,0,0,0,0
51920,0,0.43,4+ Bias,Red.,NA,0,0,0,0,0
59000,400,0.43,Obs.,Obs.,NA,0,0,0,0,0
59000,400,0.43,Obs.,Red.,NA,0,0,0,0,0
51920,400,0.43,Obs.,Obs.,NA,0,0,0,0,0
51920,400,0.43,Obs.,Red.,NA,0,0,0,0,0
59000,400,0.43,4+ Bias,Obs.,NA,0,0,0,0,0
59000,400,0.43,4+ Bias,Red.,NA,0,0,0,0,0
51920,400,0.43,4+ Bias,Obs.,NA,0,0,0,0,0
51920,400,0.43,4+ Bias,Red.,NA,0,0,0,0,0
59000,800,0.43,Obs.,Obs.,NA,0,0,0,0,0
59000,800,0.43,Obs.,Red.,NA,0,0,0,0,0
51920,800,0.43,Obs.,Red.,NA,0.05,0,0,0,0
59000,800,0.43,4+ Bias,Obs.,NA,0,0,0,0,0
59000,800,0.43,4+ Bias,Red.,NA,0,0,0,0,0
51920,800,0.43,4+ Bias,Obs.,NA,0,0,0,0,0
51920,800,0.43,4+ Bias,Red.,NA,0,0,0,0,0
59000,1200,0.43,Obs.,Obs.,NA,0,0,0,0,0
59000,1200,0.43,Obs.,Red.,NA,0.01,0,0,0,0
51920,1200,0.43,Obs.,Red.,NA,0.27,0,0.01,0,0
59000,1200,0.43,4+ Bias,Obs.,NA,0,0,0,0,0
59000,1200,0.43,4+ Bias,Red.,NA,0,0,0,0,0
51920,1200,0.43,4+ Bias,Obs.,NA,0,0,0,0,0
51920,1200,0.43,4+ Bias,Red.,NA,0.26,0,0.01,0,0
59000,1600,0.43,Obs.,Obs.,NA,0,0,0,0,0
59000,1600,0.43,Obs.,Red.,NA,0.3,0,0.03,0,0
51920,1600,0.43,Obs.,Red.,NA,0.88,0,0.01,0,0
59000,1600,0.43,4+ Bias,Obs.,NA,0,0,0,0,0
59000,1600,0.43,4+ Bias,Red.,NA,0.34,0,0.04,0,0
51920,1600,0.43,4+ Bias,Obs.,NA,0.23,0,0,0,0
51920,1600,0.43,4+ Bias,Red.,NA,0.91,0,0.04,0,0
59000,2000,0.43,Obs.,Obs.,NA,0,0,0,0,0
59000,2000,0.43,Obs.,Red.,NA,0.98,0,0.19,0,0
51920,2000,0.43,Obs.,Red.,NA,1,0,0.32,0,0
59000,2000,0.43,4+ Bias,Obs.,NA,0.02,0,0,0,0
59000,2000,0.43,4+ Bias,Red.,NA,0.98,0,0.44,0,0
51920,2000,0.43,4+ Bias,Obs.,NA,0.78,0,0,0,0
51920,2000,0.43,4+ Bias,Red.,NA,1,0,0.59,0,0
59000,2400,0.43,Obs.,Obs.,NA,0.22,0,0,0,0
59000,2400,0.43,Obs.,Red.,NA,1,0.55,0.79,0,0
51920,2400,0.43,Obs.,Obs.,NA,0.99,0,0,0,0
51920,2400,0.43,Obs.,Red.,NA,1,0.44,0.81,0,0
59000,2400,0.43,4+ Bias,Obs.,NA,0.4,0,0,0,0
59000,2400,0.43,4+ Bias,Red.,NA,1,0.91,0.93,0,0
51920,2400,0.43,4+ Bias,Obs.,NA,1,0,0,0,0
51920,2400,0.43,4+ Bias,Red.,NA,1,0.85,0.95,0,0
59000,2800,0.43,Obs.,Obs.,NA,0.81,0,0.04,0,0
59000,2800,0.43,Obs.,Red.,NA,1,1,1,0.04,0
51920,2800,0.43,Obs.,Obs.,NA,1,0,0.18,0,0
51920,2800,0.43,Obs.,Red.,NA,1,1,1,0.05,0
59000,2800,0.43,4+ Bias,Obs.,NA,0.99,0,0.1,0,0
59000,2800,0.43,4+ Bias,Red.,NA,1,1,1,0.3,0
51920,2800,0.43,4+ Bias,Obs.,NA,1,0,0.48,0,0
51920,2800,0.43,4+ Bias,Red.,NA,1,1,1,0.25,0
59000,3200,0.43,Obs.,Obs.,NA,1,0.01,0.35,0,0
59000,3200,0.43,Obs.,Red.,NA,1,1,1,0.66,0.07
51920,3200,0.43,Obs.,Obs.,NA,1,0.07,0.85,0,0
51920,3200,0.43,Obs.,Red.,NA,1,1,1,0.54,0.05
59000,3200,0.43,4+ Bias,Obs.,NA,1,0.5,0.75,0,0
59000,3200,0.43,4+ Bias,Red.,NA,1,1,1,0.97,0.61
51920,3200,0.43,4+ Bias,Obs.,NA,1,0.79,0.99,0,0
51920,3200,0.43,4+ Bias,Red.,NA,1,1,1,0.99,0.4
59000,3600,0.43,Obs.,Obs.,NA,1,0.89,0.93,0,0
59000,3600,0.43,Obs.,Red.,NA,1,1,1,1,0.8
51920,3600,0.43,Obs.,Obs.,NA,1,1,1,0,0
51920,3600,0.43,Obs.,Red.,NA,1,1,1,1,0.69
59000,3600,0.43,4+ Bias,Obs.,NA,1,1,1,0.06,0
59000,3600,0.43,4+ Bias,Red.,NA,1,1,1,1,0.98
51920,3600,0.43,4+ Bias,Obs.,NA,1,1,1,0.13,0
51920,3600,0.43,4+ Bias,Red.,NA,1,1,1,1,1
59000,4000,0.43,Obs.,Obs.,NA,1,1,1,0.21,0.01
59000,4000,0.43,Obs.,Red.,NA,1,1,1,1,1
51920,4000,0.43,Obs.,Obs.,NA,1,1,1,0.32,0.02
51920,4000,0.43,Obs.,Red.,NA,1,1,1,1,1
59000,4000,0.43,4+ Bias,Obs.,NA,1,1,1,0.87,0.21
59000,4000,0.43,4+ Bias,Red.,NA,1,1,1,1,1
51920,4000,0.43,4+ Bias,Obs.,NA,1,1,1,0.91,0.32
51920,4000,0.43,4+ Bias,Red.,NA,1,1,1,1,1
59000,0,0.5,Obs.,Obs.,NA,0,0,0,0,0
59000,0,0.5,Obs.,Red.,NA,0,0,0,0,0
51920,0,0.5,Obs.,Obs.,NA,0,0,0,0,0
51920,0,0.5,Obs.,Red.,NA,0,0,0,0,0
59000,0,0.5,4+ Bias,Obs.,NA,0,0,0,0,0
59000,0,0.5,4+ Bias,Red.,NA,0,0,0,0,0
51920,0,0.5,4+ Bias,Obs.,NA,0,0,0,0,0
51920,0,0.5,4+ Bias,Red.,NA,0,0,0,0,0
59000,400,0.5,Obs.,Obs.,NA,0,0,0,0,0
59000,400,0.5,Obs.,Red.,NA,0,0,0,0,0
51920,400,0.5,Obs.,Obs.,NA,0,0,0,0,0
51920,400,0.5,Obs.,Red.,NA,0,0,0,0,0
59000,400,0.5,4+ Bias,Obs.,NA,0,0,0,0,0
59000,400,0.5,4+ Bias,Red.,NA,0,0,0,0,0
51920,400,0.5,4+ Bias,Obs.,NA,0,0,0,0,0
51920,400,0.5,4+ Bias,Red.,NA,0,0,0,0,0
59000,800,0.5,Obs.,Obs.,NA,0,0,0,0,0
59000,800,0.5,Obs.,Red.,NA,0,0,0,0,0
51920,800,0.5,Obs.,Red.,NA,0.06,0,0,0,0
59000,800,0.5,4+ Bias,Obs.,NA,0,0,0,0,0
59000,800,0.5,4+ Bias,Red.,NA,0,0,0,0,0
51920,800,0.5,4+ Bias,Obs.,NA,0,0,0,0,0
51920,800,0.5,4+ Bias,Red.,NA,0.02,0,0,0,0
59000,1200,0.5,Obs.,Obs.,NA,0,0,0,0,0
59000,1200,0.5,Obs.,Red.,NA,0.1,0,0,0,0
51920,1200,0.5,Obs.,Red.,NA,0.73,0,0,0,0
59000,1200,0.5,4+ Bias,Obs.,NA,0,0,0,0,0
59000,1200,0.5,4+ Bias,Red.,NA,0.03,0,0,0,0
51920,1200,0.5,4+ Bias,Obs.,NA,0.08,0,0,0,0
51920,1200,0.5,4+ Bias,Red.,NA,0.65,0,0.02,0,0
59000,1600,0.5,Obs.,Obs.,NA,0,0,0,0,0
59000,1600,0.5,Obs.,Red.,NA,0.9,0,0.04,0,0
51920,1600,0.5,Obs.,Red.,NA,1,0,0.12,0,0
59000,1600,0.5,4+ Bias,Obs.,NA,0,0,0,0,0
59000,1600,0.5,4+ Bias,Red.,NA,0.9,0,0.18,0,0
51920,1600,0.5,4+ Bias,Obs.,NA,0.47,0,0,0,0
51920,1600,0.5,4+ Bias,Red.,NA,0.98,0,0.28,0,0
59000,2000,0.5,Obs.,Obs.,NA,0.13,0,0,0,0
59000,2000,0.5,Obs.,Red.,NA,1,0.2,0.61,0,0
51920,2000,0.5,Obs.,Red.,NA,1,0.21,0.83,0,0
59000,2000,0.5,4+ Bias,Obs.,NA,0.32,0,0.01,0,0
59000,2000,0.5,4+ Bias,Red.,NA,1,0.66,0.89,0,0
51920,2000,0.5,4+ Bias,Obs.,NA,0.96,0,0,0,0
51920,2000,0.5,4+ Bias,Red.,NA,1,0.66,0.95,0,0
59000,2400,0.5,Obs.,Obs.,NA,0.84,0,0.01,0,0
59000,2400,0.5,Obs.,Red.,NA,1,1,1,0.04,0
51920,2400,0.5,Obs.,Obs.,NA,1,0,0.12,0,0
51920,2400,0.5,Obs.,Red.,NA,1,1,1,0,0
59000,2400,0.5,4+ Bias,Obs.,NA,0.96,0,0.09,0,0
59000,2400,0.5,4+ Bias,Red.,NA,1,1,1,0.28,0
51920,2400,0.5,4+ Bias,Obs.,NA,1,0,0.44,0,0
51920,2400,0.5,4+ Bias,Red.,NA,1,1,1,0.23,0
59000,2800,0.5,Obs.,Obs.,NA,1,0.04,0.39,0,0
59000,2800,0.5,Obs.,Red.,NA,1,1,1,0.87,0.2
51920,2800,0.5,Obs.,Obs.,NA,1,0.05,0.86,0,0
51920,2800,0.5,Obs.,Red.,NA,1,1,1,0.83,0.09
59000,2800,0.5,4+ Bias,Obs.,NA,1,0.64,0.86,0,0
59000,2800,0.5,4+ Bias,Red.,NA,1,1,1,0.97,0.78
51920,2800,0.5,4+ Bias,Obs.,NA,1,0.86,1,0,0
51920,2800,0.5,4+ Bias,Red.,NA,1,1,1,0.97,0.64
59000,3200,0.5,Obs.,Obs.,NA,1,1,1,0.01,0
59000,3200,0.5,Obs.,Red.,NA,1,1,1,1,0.98
51920,3200,0.5,Obs.,Obs.,NA,1,1,1,0.04,0
51920,3200,0.5,Obs.,Red.,NA,1,1,1,1,0.96
59000,3200,0.5,4+ Bias,Obs.,NA,1,1,1,0.21,0.01
59000,3200,0.5,4+ Bias,Red.,NA,1,1,1,1,1
51920,3200,0.5,4+ Bias,Obs.,NA,1,1,1,0.35,0
51920,3200,0.5,4+ Bias,Red.,NA,1,1,1,1,1
59000,3600,0.5,Obs.,Obs.,NA,1,1,1,0.66,0.14
59000,3600,0.5,Obs.,Red.,NA,1,1,1,1,1
51920,3600,0.5,Obs.,Obs.,NA,1,1,1,0.8,0.12
51920,3600,0.5,Obs.,Red.,NA,1,1,1,1,1
59000,3600,0.5,4+ Bias,Obs.,NA,1,1,1,0.95,0.71
59000,3600,0.5,4+ Bias,Red.,NA,1,1,1,1,1
51920,3600,0.5,4+ Bias,Obs.,NA,1,1,1,1,0.81
51920,3600,0.5,4+ Bias,Red.,NA,1,1,1,1,1
59000,4000,0.5,Obs.,Obs.,NA,1,1,1,1,0.93
59000,4000,0.5,Obs.,Red.,NA,1,1,1,1,1
51920,4000,0.5,Obs.,Obs.,NA,1,1,1,1,0.99
51920,4000,0.5,Obs.,Red.,NA,1,1,1,1,1
59000,4000,0.5,4+ Bias,Obs.,NA,1,1,1,1,1
59000,4000,0.5,4+ Bias,Red.,NA,1,1,1,1,1
51920,4000,0.5,4+ Bias,Obs.,NA,1,1,1,1,1
51920,4000,0.5,4+ Bias,Red.,NA,1,1,1,1,1
59000,0,0.43,Obs.,Obs.,Const.,0,0,0,0,0
59000,0,0.43,Obs.,Obs.,Dec.,0,0,0,0,0
51920,0,0.43,Obs.,Obs.,Const.,0,0,0,0,0
51920,0,0.43,Obs.,Obs.,Dec.,0,0,0,0,0
59000,0,0.43,4+ Bias,Obs.,Const.,0,0,0,0,0
59000,0,0.43,4+ Bias,Obs.,Dec.,0,0,0,0,0
51920,0,0.43,4+ Bias,Obs.,Const.,0,0,0,0,0
51920,0,0.43,4+ Bias,Obs.,Dec.,0,0,0,0,0
59000,0,0.43,Obs.,Red.,Const.,0,0,0,0,0
59000,0,0.43,Obs.,Red.,Dec.,0,0,0,0,0
51920,0,0.43,Obs.,Red.,Const.,0,0,0,0,0
51920,0,0.43,Obs.,Red.,Dec.,0,0,0,0,0
59000,0,0.43,4+ Bias,Red.,Const.,0,0,0,0,0
59000,0,0.43,4+ Bias,Red.,Dec.,0,0,0,0,0
51920,0,0.43,4+ Bias,Red.,Const.,0,0,0,0,0
51920,0,0.43,4+ Bias,Red.,Dec.,0,0,0,0,0
59000,400,0.43,Obs.,Obs.,Const.,0,0,0,0,0
59000,400,0.43,Obs.,Obs.,Dec.,0,0,0,0,0
51920,400,0.43,Obs.,Obs.,Const.,0,0,0,0,0
51920,400,0.43,Obs.,Obs.,Dec.,0,0,0,0,0
59000,400,0.43,4+ Bias,Obs.,Const.,0,0,0,0,0
59000,400,0.43,4+ Bias,Obs.,Dec.,0,0,0,0,0
51920,400,0.43,4+ Bias,Obs.,Const.,0,0,0,0,0
51920,400,0.43,4+ Bias,Obs.,Dec.,0,0,0,0,0
59000,400,0.43,Obs.,Red.,Const.,0,0,0,0,0
59000,400,0.43,Obs.,Red.,Dec.,0,0,0,0,0
51920,400,0.43,Obs.,Red.,Const.,0,0,0,0,0
51920,400,0.43,Obs.,Red.,Dec.,0,0,0,0,0
59000,400,0.43,4+ Bias,Red.,Const.,0,0,0,0,0
59000,400,0.43,4+ Bias,Red.,Dec.,0,0,0,0,0
51920,400,0.43,4+ Bias,Red.,Const.,0,0,0,0,0
51920,400,0.43,4+ Bias,Red.,Dec.,0,0,0,0,0
59000,800,0.43,Obs.,Obs.,Const.,0,0,0,0,0
59000,800,0.43,Obs.,Obs.,Dec.,0,0,0,0,0
51920,800,0.43,Obs.,Obs.,Const.,0,0,0,0,0
51920,800,0.43,Obs.,Obs.,Dec.,0,0,0,0,0
59000,800,0.43,4+ Bias,Obs.,Const.,0,0,0,0,0
59000,800,0.43,4+ Bias,Obs.,Dec.,0,0,0,0,0
51920,800,0.43,4+ Bias,Obs.,Const.,0,0,0,0,0
51920,800,0.43,4+ Bias,Obs.,Dec.,0,0,0,0,0
59000,800,0.43,Obs.,Red.,Const.,0,0,0,0,0
59000,800,0.43,Obs.,Red.,Dec.,0,0,0,0,0
51920,800,0.43,Obs.,Red.,Const.,0,0,0,0,0
51920,800,0.43,Obs.,Red.,Dec.,0.03,0,0,0,0
59000,800,0.43,4+ Bias,Red.,Const.,0,0,0,0,0
59000,800,0.43,4+ Bias,Red.,Dec.,0,0,0,0,0
51920,800,0.43,4+ Bias,Red.,Const.,0,0,0,0,0
51920,800,0.43,4+ Bias,Red.,Dec.,0.03,0,0,0,0
59000,1200,0.43,Obs.,Obs.,Const.,0,0,0,0,0
59000,1200,0.43,Obs.,Obs.,Dec.,0,0,0,0,0
51920,1200,0.43,Obs.,Obs.,Const.,0,0,0,0,0
51920,1200,0.43,Obs.,Obs.,Dec.,0.01,0,0,0,0
59000,1200,0.43,4+ Bias,Obs.,Const.,0,0,0,0,0
59000,1200,0.43,4+ Bias,Obs.,Dec.,0,0,0,0,0
51920,1200,0.43,4+ Bias,Obs.,Const.,0,0,0,0,0
51920,1200,0.43,4+ Bias,Obs.,Dec.,0.01,0,0,0,0
59000,1200,0.43,Obs.,Red.,Const.,0,0,0,0,0
59000,1200,0.43,Obs.,Red.,Dec.,0,0,0,0,0
51920,1200,0.43,Obs.,Red.,Const.,0.24,0,0,0,0
51920,1200,0.43,Obs.,Red.,Dec.,0.47,0,0,0,0
59000,1200,0.43,4+ Bias,Red.,Const.,0,0,0.01,0,0
59000,1200,0.43,4+ Bias,Red.,Dec.,0,0,0,0,0
51920,1200,0.43,4+ Bias,Red.,Const.,0.11,0,0,0,0
51920,1200,0.43,4+ Bias,Red.,Dec.,0.31,0,0,0,0
59000,1600,0.43,Obs.,Obs.,Const.,0,0,0,0,0
59000,1600,0.43,Obs.,Obs.,Dec.,0,0,0,0,0
51920,1600,0.43,Obs.,Obs.,Const.,0.1,0,0,0,0
51920,1600,0.43,Obs.,Obs.,Dec.,0.28,0,0,0,0
59000,1600,0.43,4+ Bias,Obs.,Const.,0,0,0,0,0
59000,1600,0.43,4+ Bias,Obs.,Dec.,0,0,0,0,0
51920,1600,0.43,4+ Bias,Obs.,Const.,0.09,0,0,0,0
51920,1600,0.43,4+ Bias,Obs.,Dec.,0.26,0,0,0,0
59000,1600,0.43,Obs.,Red.,Const.,0.02,0,0.01,0,0
59000,1600,0.43,Obs.,Red.,Dec.,0.09,0,0,0,0
51920,1600,0.43,Obs.,Red.,Const.,0.81,0,0.05,0,0
51920,1600,0.43,Obs.,Red.,Dec.,0.93,0,0,0,0
59000,1600,0.43,4+ Bias,Red.,Const.,0.02,0,0.01,0.01,0
59000,1600,0.43,4+ Bias,Red.,Dec.,0.04,0,0,0,0
51920,1600,0.43,4+ Bias,Red.,Const.,0.76,0,0.01,0,0
51920,1600,0.43,4+ Bias,Red.,Dec.,0.94,0,0.02,0,0
59000,2000,0.43,Obs.,Obs.,Const.,0,0,0,0,0
59000,2000,0.43,Obs.,Obs.,Dec.,0.01,0,0,0,0
51920,2000,0.43,Obs.,Obs.,Const.,0.52,0,0,0,0
51920,2000,0.43,Obs.,Obs.,Dec.,0.75,0,0,0,0
59000,2000,0.43,4+ Bias,Obs.,Const.,0,0,0,0,0
59000,2000,0.43,4+ Bias,Obs.,Dec.,0.01,0,0,0,0
51920,2000,0.43,4+ Bias,Obs.,Const.,0.61,0,0,0,0
51920,2000,0.43,4+ Bias,Obs.,Dec.,0.85,0,0,0,0
59000,2000,0.43,Obs.,Red.,Const.,0.4,0,0,0,0
59000,2000,0.43,Obs.,Red.,Dec.,0.83,0,0.04,0.03,0
51920,2000,0.43,Obs.,Red.,Const.,1,0,0.16,0,0
51920,2000,0.43,Obs.,Red.,Dec.,1,0,0.28,0,0
59000,2000,0.43,4+ Bias,Red.,Const.,0.44,0,0.09,0.06,0
59000,2000,0.43,4+ Bias,Red.,Dec.,0.87,0,0.09,0.06,0
51920,2000,0.43,4+ Bias,Red.,Const.,1,0,0.42,0.02,0
51920,2000,0.43,4+ Bias,Red.,Dec.,1,0.02,0.45,0.01,0
59000,2400,0.43,Obs.,Obs.,Const.,0.01,0,0,0,0
59000,2400,0.43,Obs.,Obs.,Dec.,0.09,0,0,0,0
51920,2400,0.43,Obs.,Obs.,Const.,0.93,0,0,0,0
51920,2400,0.43,Obs.,Obs.,Dec.,1,0,0.01,0,0
59000,2400,0.43,4+ Bias,Obs.,Const.,0.01,0,0,0,0
59000,2400,0.43,4+ Bias,Obs.,Dec.,0.23,0,0,0,0
51920,2400,0.43,4+ Bias,Obs.,Const.,1,0,0.02,0,0
51920,2400,0.43,4+ Bias,Obs.,Dec.,1,0,0.01,0,0
59000,2400,0.43,Obs.,Red.,Const.,0.99,0,0.23,0.2,0
59000,2400,0.43,Obs.,Red.,Dec.,1,0,0.22,0.17,0
51920,2400,0.43,Obs.,Red.,Const.,1,0.18,0.76,0.12,0
51920,2400,0.43,Obs.,Red.,Dec.,1,0.75,0.79,0.19,0
59000,2400,0.43,4+ Bias,Red.,Const.,1,0.04,0.5,0.49,0
59000,2400,0.43,4+ Bias,Red.,Dec.,1,0.21,0.51,0.47,0
51920,2400,0.43,4+ Bias,Red.,Const.,1,0.6,0.93,0.43,0
51920,2400,0.43,4+ Bias,Red.,Dec.,1,0.97,0.95,0.55,0
59000,2800,0.43,Obs.,Obs.,Const.,0.26,0,0,0,0
59000,2800,0.43,Obs.,Obs.,Dec.,0.68,0,0,0,0
51920,2800,0.43,Obs.,Obs.,Const.,1,0,0.11,0,0
51920,2800,0.43,Obs.,Obs.,Dec.,1,0,0.16,0,0
59000,2800,0.43,4+ Bias,Obs.,Const.,0.59,0,0,0,0
59000,2800,0.43,4+ Bias,Obs.,Dec.,0.88,0,0.01,0,0
51920,2800,0.43,4+ Bias,Obs.,Const.,1,0,0.39,0,0
51920,2800,0.43,4+ Bias,Obs.,Dec.,1,0,0.46,0,0
59000,2800,0.43,Obs.,Red.,Const.,1,0.63,0.71,0.69,0
59000,2800,0.43,Obs.,Red.,Dec.,1,0.94,0.86,0.84,0
51920,2800,0.43,Obs.,Red.,Const.,1,0.99,0.99,0.82,0
51920,2800,0.43,Obs.,Red.,Dec.,1,1,1,0.86,0
59000,2800,0.43,4+ Bias,Red.,Const.,1,0.91,0.95,0.93,0.01
59000,2800,0.43,4+ Bias,Red.,Dec.,1,1,1,1,0.03
51920,2800,0.43,4+ Bias,Red.,Const.,1,1,1,0.97,0.03
51920,2800,0.43,4+ Bias,Red.,Dec.,1,1,1,0.99,0.02
59000,3200,0.43,Obs.,Obs.,Const.,0.86,0,0.02,0.01,0
59000,3200,0.43,Obs.,Obs.,Dec.,1,0,0.05,0.03,0
51920,3200,0.43,Obs.,Obs.,Const.,1,0.02,0.65,0.07,0
51920,3200,0.43,Obs.,Obs.,Dec.,1,0.38,0.65,0.11,0
59000,3200,0.43,4+ Bias,Obs.,Const.,1,0.01,0.16,0.14,0
59000,3200,0.43,4+ Bias,Obs.,Dec.,1,0.01,0.22,0.17,0
51920,3200,0.43,4+ Bias,Obs.,Const.,1,0.53,0.89,0.36,0
51920,3200,0.43,4+ Bias,Obs.,Dec.,1,0.94,0.96,0.44,0
59000,3200,0.43,Obs.,Red.,Const.,1,1,0.99,0.99,0.03
59000,3200,0.43,Obs.,Red.,Dec.,1,1,0.98,0.98,0.02
51920,3200,0.43,Obs.,Red.,Const.,1,1,1,0.98,0.2
51920,3200,0.43,Obs.,Red.,Dec.,1,1,1,1,0.24
59000,3200,0.43,4+ Bias,Red.,Const.,1,1,1,1,0.54
59000,3200,0.43,4+ Bias,Red.,Dec.,1,1,1,1,0.59
51920,3200,0.43,4+ Bias,Red.,Const.,1,1,1,1,0.82
51920,3200,0.43,4+ Bias,Red.,Dec.,1,1,1,1,0.83
59000,3600,0.43,Obs.,Obs.,Const.,1,0.01,0.34,0.33,0
59000,3600,0.43,Obs.,Obs.,Dec.,1,0.23,0.48,0.44,0
51920,3600,0.43,Obs.,Obs.,Const.,1,0.92,0.99,0.67,0
51920,3600,0.43,Obs.,Obs.,Dec.,1,1,1,0.77,0
59000,3600,0.43,4+ Bias,Obs.,Const.,1,0.63,0.82,0.78,0
59000,3600,0.43,4+ Bias,Obs.,Dec.,1,0.96,0.87,0.83,0
51920,3600,0.43,4+ Bias,Obs.,Const.,1,1,1,0.97,0.03
51920,3600,0.43,4+ Bias,Obs.,Dec.,1,1,1,0.96,0.02
59000,3600,0.43,Obs.,Red.,Const.,1,1,1,1,0.72
59000,3600,0.43,Obs.,Red.,Dec.,1,1,1,1,0.77
51920,3600,0.43,Obs.,Red.,Const.,1,1,1,1,0.9
51920,3600,0.43,Obs.,Red.,Dec.,1,1,1,1,0.94
59000,3600,0.43,4+ Bias,Red.,Const.,1,1,1,1,0.99
59000,3600,0.43,4+ Bias,Red.,Dec.,1,1,1,1,0.99
51920,3600,0.43,4+ Bias,Red.,Const.,1,1,1,1,1
51920,3600,0.43,4+ Bias,Red.,Dec.,1,1,1,1,1
59000,4000,0.43,Obs.,Obs.,Const.,1,0.87,0.9,0.88,0.01
59000,4000,0.43,Obs.,Obs.,Dec.,1,1,0.97,0.94,0
51920,4000,0.43,Obs.,Obs.,Const.,1,1,1,1,0.09
51920,4000,0.43,Obs.,Obs.,Dec.,1,1,1,0.99,0.13
59000,4000,0.43,4+ Bias,Obs.,Const.,1,1,1,1,0.18
59000,4000,0.43,4+ Bias,Obs.,Dec.,1,1,1,1,0.34
51920,4000,0.43,4+ Bias,Obs.,Const.,1,1,1,1,0.71
51920,4000,0.43,4+ Bias,Obs.,Dec.,1,1,1,1,0.83
59000,4000,0.43,Obs.,Red.,Const.,1,1,1,1,1
59000,4000,0.43,Obs.,Red.,Dec.,1,1,1,1,0.99
51920,4000,0.43,Obs.,Red.,Const.,1,1,1,1,1
51920,4000,0.43,Obs.,Red.,Dec.,1,1,1,1,1
59000,4000,0.43,4+ Bias,Red.,Const.,1,1,1,1,1
59000,4000,0.43,4+ Bias,Red.,Dec.,1,1,1,1,1
51920,4000,0.43,4+ Bias,Red.,Const.,1,1,1,1,1
51920,4000,0.43,4+ Bias,Red.,Dec.,1,1,1,1,1
59000,0,0.5,Obs.,Obs.,Const.,0,0,0,0,0
59000,0,0.5,Obs.,Obs.,Dec.,0,0,0,0,0
51920,0,0.5,Obs.,Obs.,Const.,0,0,0,0,0
51920,0,0.5,Obs.,Obs.,Dec.,0,0,0,0,0
59000,0,0.5,4+ Bias,Obs.,Const.,0,0,0,0,0
59000,0,0.5,4+ Bias,Obs.,Dec.,0,0,0,0,0
51920,0,0.5,4+ Bias,Obs.,Const.,0,0,0,0,0
51920,0,0.5,4+ Bias,Obs.,Dec.,0,0,0,0,0
59000,0,0.5,Obs.,Red.,Const.,0,0,0,0,0
59000,0,0.5,Obs.,Red.,Dec.,0,0,0,0,0
51920,0,0.5,Obs.,Red.,Const.,0,0,0,0,0
51920,0,0.5,Obs.,Red.,Dec.,0,0,0,0,0
59000,0,0.5,4+ Bias,Red.,Const.,0,0,0,0,0
59000,0,0.5,4+ Bias,Red.,Dec.,0,0,0,0,0
51920,0,0.5,4+ Bias,Red.,Const.,0,0,0,0,0
51920,0,0.5,4+ Bias,Red.,Dec.,0,0,0,0,0
59000,400,0.5,Obs.,Obs.,Const.,0,0,0,0,0
59000,400,0.5,Obs.,Obs.,Dec.,0,0,0,0,0
51920,400,0.5,Obs.,Obs.,Const.,0,0,0,0,0
51920,400,0.5,Obs.,Obs.,Dec.,0,0,0,0,0
59000,400,0.5,4+ Bias,Obs.,Const.,0,0,0,0,0
59000,400,0.5,4+ Bias,Obs.,Dec.,0,0,0,0,0
51920,400,0.5,4+ Bias,Obs.,Const.,0,0,0,0,0
51920,400,0.5,4+ Bias,Obs.,Dec.,0,0,0,0,0
59000,400,0.5,Obs.,Red.,Const.,0,0,0,0,0
59000,400,0.5,Obs.,Red.,Dec.,0,0,0,0,0
51920,400,0.5,Obs.,Red.,Const.,0,0,0,0,0
51920,400,0.5,Obs.,Red.,Dec.,0,0,0,0,0
59000,400,0.5,4+ Bias,Red.,Const.,0,0,0,0,0
59000,400,0.5,4+ Bias,Red.,Dec.,0,0,0,0,0
51920,400,0.5,4+ Bias,Red.,Const.,0,0,0,0,0
51920,400,0.5,4+ Bias,Red.,Dec.,0,0,0,0,0
59000,800,0.5,Obs.,Obs.,Const.,0,0,0,0,0
59000,800,0.5,Obs.,Obs.,Dec.,0,0,0,0,0
51920,800,0.5,Obs.,Obs.,Const.,0,0,0,0,0
51920,800,0.5,Obs.,Obs.,Dec.,0,0,0,0,0
59000,800,0.5,4+ Bias,Obs.,Const.,0,0,0,0,0
59000,800,0.5,4+ Bias,Obs.,Dec.,0,0,0,0,0
51920,800,0.5,4+ Bias,Obs.,Const.,0,0,0,0,0
51920,800,0.5,4+ Bias,Obs.,Dec.,0,0,0,0,0
59000,800,0.5,Obs.,Red.,Const.,0,0,0,0,0
59000,800,0.5,Obs.,Red.,Dec.,0,0,0,0,0
51920,800,0.5,Obs.,Red.,Const.,0.03,0,0,0,0
51920,800,0.5,Obs.,Red.,Dec.,0.12,0,0,0,0
59000,800,0.5,4+ Bias,Red.,Const.,0,0,0,0,0
59000,800,0.5,4+ Bias,Red.,Dec.,0,0,0,0,0
51920,800,0.5,4+ Bias,Red.,Const.,0.03,0,0,0,0
51920,800,0.5,4+ Bias,Red.,Dec.,0.05,0,0,0,0
59000,1200,0.5,Obs.,Obs.,Const.,0,0,0,0,0
59000,1200,0.5,Obs.,Obs.,Dec.,0,0,0,0,0
51920,1200,0.5,Obs.,Obs.,Const.,0,0,0,0,0
51920,1200,0.5,Obs.,Obs.,Dec.,0.08,0,0,0,0
59000,1200,0.5,4+ Bias,Obs.,Const.,0,0,0,0,0
59000,1200,0.5,4+ Bias,Obs.,Dec.,0,0,0,0,0
51920,1200,0.5,4+ Bias,Obs.,Const.,0.02,0,0,0,0
51920,1200,0.5,4+ Bias,Obs.,Dec.,0.09,0,0,0,0
59000,1200,0.5,Obs.,Red.,Const.,0,0,0,0,0
59000,1200,0.5,Obs.,Red.,Dec.,0.02,0,0,0,0
51920,1200,0.5,Obs.,Red.,Const.,0.5,0,0,0,0
51920,1200,0.5,Obs.,Red.,Dec.,0.8,0,0,0,0
59000,1200,0.5,4+ Bias,Red.,Const.,0,0,0,0,0
59000,1200,0.5,4+ Bias,Red.,Dec.,0.01,0,0,0,0
51920,1200,0.5,4+ Bias,Red.,Const.,0.37,0,0.02,0,0
51920,1200,0.5,4+ Bias,Red.,Dec.,0.73,0,0.01,0,0
59000,1600,0.5,Obs.,Obs.,Const.,0,0,0,0,0
59000,1600,0.5,Obs.,Obs.,Dec.,0.01,0,0,0,0
51920,1600,0.5,Obs.,Obs.,Const.,0.38,0,0,0,0
51920,1600,0.5,Obs.,Obs.,Dec.,0.53,0,0,0,0
59000,1600,0.5,4+ Bias,Obs.,Const.,0,0,0,0,0
59000,1600,0.5,4+ Bias,Obs.,Dec.,0,0,0,0,0
51920,1600,0.5,4+ Bias,Obs.,Const.,0.4,0,0,0,0
51920,1600,0.5,4+ Bias,Obs.,Dec.,0.7,0,0,0,0
59000,1600,0.5,Obs.,Red.,Const.,0.22,0,0,0,0
59000,1600,0.5,Obs.,Red.,Dec.,0.64,0,0.01,0,0
51920,1600,0.5,Obs.,Red.,Const.,0.98,0,0.07,0,0
51920,1600,0.5,Obs.,Red.,Dec.,1,0,0.12,0,0
59000,1600,0.5,4+ Bias,Red.,Const.,0.18,0,0.02,0,0
59000,1600,0.5,4+ Bias,Red.,Dec.,0.54,0,0,0,0
51920,1600,0.5,4+ Bias,Red.,Const.,0.98,0,0.16,0,0
51920,1600,0.5,4+ Bias,Red.,Dec.,1,0,0.29,0,0
59000,2000,0.5,Obs.,Obs.,Const.,0.01,0,0,0,0
59000,2000,0.5,Obs.,Obs.,Dec.,0.06,0,0,0,0
51920,2000,0.5,Obs.,Obs.,Const.,0.83,0,0,0,0
51920,2000,0.5,Obs.,Obs.,Dec.,0.97,0,0,0,0
59000,2000,0.5,4+ Bias,Obs.,Const.,0.03,0,0,0,0
59000,2000,0.5,4+ Bias,Obs.,Dec.,0.17,0,0,0,0
51920,2000,0.5,4+ Bias,Obs.,Const.,0.93,0,0.03,0,0
51920,2000,0.5,4+ Bias,Obs.,Dec.,1,0,0.01,0,0
59000,2000,0.5,Obs.,Red.,Const.,0.97,0,0.17,0,0
59000,2000,0.5,Obs.,Red.,Dec.,0.99,0,0.19,0,0
51920,2000,0.5,Obs.,Red.,Const.,1,0.06,0.69,0,0
51920,2000,0.5,Obs.,Red.,Dec.,1,0.46,0.54,0,0
59000,2000,0.5,4+ Bias,Red.,Const.,1,0.01,0.36,0,0
59000,2000,0.5,4+ Bias,Red.,Dec.,1,0.03,0.35,0,0
51920,2000,0.5,4+ Bias,Red.,Const.,1,0.27,0.86,0,0
51920,2000,0.5,4+ Bias,Red.,Dec.,1,0.8,0.92,0,0
59000,2400,0.5,Obs.,Obs.,Const.,0.27,0,0.01,0,0
59000,2400,0.5,Obs.,Obs.,Dec.,0.68,0,0,0,0
51920,2400,0.5,Obs.,Obs.,Const.,1,0,0.08,0,0
51920,2400,0.5,Obs.,Obs.,Dec.,1,0,0.05,0,0
59000,2400,0.5,4+ Bias,Obs.,Const.,0.62,0,0.02,0,0
59000,2400,0.5,4+ Bias,Obs.,Dec.,0.91,0,0.01,0,0
51920,2400,0.5,4+ Bias,Obs.,Const.,1,0,0.33,0,0
51920,2400,0.5,4+ Bias,Obs.,Dec.,1,0.03,0.44,0,0
59000,2400,0.5,Obs.,Red.,Const.,1,0.48,0.7,0,0
59000,2400,0.5,Obs.,Red.,Dec.,1,0.95,0.75,0,0
51920,2400,0.5,Obs.,Red.,Const.,1,1,1,0.01,0
51920,2400,0.5,Obs.,Red.,Dec.,1,1,0.99,0,0
59000,2400,0.5,4+ Bias,Red.,Const.,1,0.9,0.95,0,0
59000,2400,0.5,4+ Bias,Red.,Dec.,1,1,0.97,0.02,0
51920,2400,0.5,4+ Bias,Red.,Const.,1,1,1,0.09,0
51920,2400,0.5,4+ Bias,Red.,Dec.,1,1,1,0.1,0
59000,2800,0.5,Obs.,Obs.,Const.,0.92,0,0.06,0,0
59000,2800,0.5,Obs.,Obs.,Dec.,1,0,0.07,0,0
51920,2800,0.5,Obs.,Obs.,Const.,1,0.05,0.8,0,0
51920,2800,0.5,Obs.,Obs.,Dec.,1,0.52,0.85,0,0
59000,2800,0.5,4+ Bias,Obs.,Const.,0.99,0,0.25,0,0
59000,2800,0.5,4+ Bias,Obs.,Dec.,1,0.1,0.32,0,0
51920,2800,0.5,4+ Bias,Obs.,Const.,1,0.8,0.97,0,0
51920,2800,0.5,4+ Bias,Obs.,Dec.,1,0.99,1,0,0
59000,2800,0.5,Obs.,Red.,Const.,1,1,1,0.03,0
59000,2800,0.5,Obs.,Red.,Dec.,1,1,1,0.09,0
51920,2800,0.5,Obs.,Red.,Const.,1,1,1,0.37,0.02
51920,2800,0.5,Obs.,Red.,Dec.,1,1,1,0.6,0.01
59000,2800,0.5,4+ Bias,Red.,Const.,1,1,1,0.54,0.01
59000,2800,0.5,4+ Bias,Red.,Dec.,1,1,1,0.54,0.06
51920,2800,0.5,4+ Bias,Red.,Const.,1,1,1,0.89,0.19
51920,2800,0.5,4+ Bias,Red.,Dec.,1,1,1,0.97,0.43
59000,3200,0.5,Obs.,Obs.,Const.,1,0.18,0.49,0,0
59000,3200,0.5,Obs.,Obs.,Dec.,1,0.71,0.71,0,0
51920,3200,0.5,Obs.,Obs.,Const.,1,1,0.99,0.01,0
51920,3200,0.5,Obs.,Obs.,Dec.,1,1,1,0.02,0
59000,3200,0.5,4+ Bias,Obs.,Const.,1,0.88,0.92,0,0
59000,3200,0.5,4+ Bias,Obs.,Dec.,1,1,1,0.01,0
51920,3200,0.5,4+ Bias,Obs.,Const.,1,1,1,0.17,0
51920,3200,0.5,4+ Bias,Obs.,Dec.,1,1,1,0.26,0.02
59000,3200,0.5,Obs.,Red.,Const.,1,1,1,0.69,0.07
59000,3200,0.5,Obs.,Red.,Dec.,1,1,1,0.82,0.18
51920,3200,0.5,Obs.,Red.,Const.,1,1,1,0.95,0.53
51920,3200,0.5,Obs.,Red.,Dec.,1,1,1,0.98,0.73
59000,3200,0.5,4+ Bias,Red.,Const.,1,1,1,1,0.88
59000,3200,0.5,4+ Bias,Red.,Dec.,1,1,1,1,0.9
51920,3200,0.5,4+ Bias,Red.,Const.,1,1,1,1,0.97
51920,3200,0.5,4+ Bias,Red.,Dec.,1,1,1,1,1
59000,3600,0.5,Obs.,Obs.,Const.,1,1,0.99,0.02,0
59000,3600,0.5,Obs.,Obs.,Dec.,1,1,0.99,0.08,0
51920,3600,0.5,Obs.,Obs.,Const.,1,1,1,0.53,0.03
51920,3600,0.5,Obs.,Obs.,Dec.,1,1,1,0.63,0.09
59000,3600,0.5,4+ Bias,Obs.,Const.,1,1,1,0.51,0.04
59000,3600,0.5,4+ Bias,Obs.,Dec.,1,1,1,0.56,0.05
51920,3600,0.5,4+ Bias,Obs.,Const.,1,1,1,0.98,0.65
51920,3600,0.5,4+ Bias,Obs.,Dec.,1,1,1,0.98,0.74
59000,3600,0.5,Obs.,Red.,Const.,1,1,1,1,0.91
59000,3600,0.5,Obs.,Red.,Dec.,1,1,1,1,0.96
51920,3600,0.5,Obs.,Red.,Const.,1,1,1,1,1
51920,3600,0.5,Obs.,Red.,Dec.,1,1,1,1,1
59000,3600,0.5,4+ Bias,Red.,Const.,1,1,1,1,0.99
59000,3600,0.5,4+ Bias,Red.,Dec.,1,1,1,1,1
51920,3600,0.5,4+ Bias,Red.,Const.,1,1,1,1,1
51920,3600,0.5,4+ Bias,Red.,Dec.,1,1,1,1,1
59000,4000,0.5,Obs.,Obs.,Const.,1,1,1,0.65,0.16
59000,4000,0.5,Obs.,Obs.,Dec.,1,1,1,0.77,0.17
51920,4000,0.5,Obs.,Obs.,Const.,1,1,1,0.98,0.71
51920,4000,0.5,Obs.,Obs.,Dec.,1,1,1,0.99,0.88
59000,4000,0.5,4+ Bias,Obs.,Const.,1,1,1,0.99,0.79
59000,4000,0.5,4+ Bias,Obs.,Dec.,1,1,1,0.99,0.84
51920,4000,0.5,4+ Bias,Obs.,Const.,1,1,1,1,1
51920,4000,0.5,4+ Bias,Obs.,Dec.,1,1,1,1,1
59000,4000,0.5,Obs.,Red.,Const.,1,1,1,1,1
59000,4000,0.5,Obs.,Red.,Dec.,1,1,1,1,1
51920,4000,0.5,Obs.,Red.,Const.,1,1,1,1,1
51920,4000,0.5,Obs.,Red.,Dec.,1,1,1,1,1
59000,4000,0.5,4+ Bias,Red.,Const.,1,1,1,1,1
59000,4000,0.5,4+ Bias,Red.,Dec.,1,1,1,1,1
51920,4000,0.5,4+ Bias,Red.,Const.,1,1,1,1,1
51920,4000,0.5,4+ Bias,Red.,Dec.,1,1,1,1,1
